<?xml version="1.0"?>
<info xmlns:xsi= "http://www.w3.org/2001/XMLSchema-instance" xsi:noNamespaceSchemaLocation="https://apps.nextcloud.com/schema/apps/info.xsd">
	<id>cidgravity_gateway</id>
	<name>Cidgravity_Gateway</name>
	<summary>An application to display files/directory metadata on decentralized web for CIDgravity storage files</summary>
	<description>An application to display files/directory metadata on decentralized web for CIDgravity storage files</description>
	<version>1.1.7</version>
	<licence>agpl</licence>
	<author homepage="https://cidgravity.com">CIDgravity</author>
	<author>CIDgravity</author>
	<namespace>Cidgravity_Gateway</namespace>
	<category>tools</category>
	<documentation>
        <admin>https://github.com/CIDgravity/nextcloud-cidgravity-gateway-app</admin>
    </documentation>
	<bugs>https://github.com/CIDgravity/nextcloud-cidgravity-gateway-app</bugs>
    <website>https://github.com/CIDgravity/nextcloud-cidgravity-gateway-app</website>
	<repository type="git">https://github.com/CIDgravity/nextcloud-cidgravity-gateway-app</repository>
	<dependencies>
		<nextcloud min-version="29" max-version="30" />
	</dependencies>
</info>
